Date,W1,W2,W3,W4,W5,W6,W7,W8,W9,W10,W11,W12,W13,W14,W15,W16,W17,W18,W19,W20
2004-01-01,465.38,347.74,547.3,381.35,295.73,377.25,290.6,302.65,312.54,617.68,292.43,283.03,320.3,291.23,415.06,394.73,378.14,328.15,318.25,365.97
2004-02-01,466.08,347.87,547.3,381.76,295.73,377.47,291.02,303.26,312.77,617.91,292.87,283.35,320.46,291.57,415.2,395.26,378.63,328.32,318.25,366.38
2004-03-01,466.87,347.96,547.3,382.23,296.02,377.62,291.31,303.97,313.36,620.44,293.41,283.72,320.62,291.79,415.34,395.75,379.34000000000003,328.55,318.45,366.92
2004-04-01,468.0,347.9,547.3,382.69,295.98,377.37,291.52,304.54,313.76,621.81,293.68,283.86,320.72,291.88,415.45,395.88,379.79,328.67,318.57,367.17
2004-05-01,469.34000000000003,347.84000000000003,547.3,382.7,295.87,377.0,291.5,304.6,313.84,622.0,293.7,283.9,320.7,291.9,415.5,395.9,382.4,328.6,318.6,367.2
2004-06-01,469.9,347.61,544.5333333333334,382.53,295.66,376.21,291.25,304.29,313.66,622.17,293.42,283.61,320.43,291.59,415.35,395.72,380.13,328.35,318.38,366.88
2004-07-01,469.43,347.21,541.7666666666667,382.0,294.7933333333334,377.7,290.85,303.62,315.65,622.13,292.83,283.03,319.94,291.17,415.05,395.43,382.92,327.89,318.03,366.45
2004-08-01,468.96,346.92,539.0,381.35,293.9266666666667,374.23,290.13,302.31,312.18,622.01,291.76,282.03,319.44,290.59,414.76,395.08,379.34000000000003,327.16,316.84,365.75
2004-09-01,468.06,346.71,538.4300000000001,380.38,293.06,373.27,289.32,301.19,311.24,621.88,290.55,281.22,319.22,289.98,414.57,394.34,378.46,326.21,316.91,365.04
2004-10-01,467.86,367.37,538.17,379.67,293.06,372.86,288.82,300.72,310.82,621.68,290.04,281.0,319.03,289.74,414.38,393.72,377.9,325.46,316.69,364.73
2004-11-01,468.02,346.85,538.44,379.46,293.39,372.74,288.65,300.52,310.61,621.72,290.0,280.95,318.85,289.71,414.36,393.54,377.76,325.1,316.58,364.65
2004-12-01,468.25,347.03,538.8,379.49,293.84,372.86,288.74,300.68,310.79,622.01,290.18,281.18,318.9,289.85,414.47,393.69,377.92,325.15,316.7,364.8
2005-01-01,468.62,347.2,540.05,379.64,294.14,373.02,288.9,300.91,310.92,622.35,290.39,281.44,319.06,290.04,414.63,393.88,378.12,325.32,316.94,364.97
2005-02-01,469.03,347.33,540.21,380.06,294.45,373.4,289.54,301.84,311.24,622.94,291.31,282.11,319.28,290.36,414.85,394.33,378.39,325.6,317.25,365.46
2005-03-01,469.45,347.28,540.3199999999999,380.53,294.82,374.11,290.15,302.81,311.88,624.64,292.99,282.84,319.6,290.53,415.04,395.18,380.73,325.92,317.63,365.9
2005-04-01,469.94,346.81,540.27,380.73,295.05,374.52,290.59,303.66,312.38,626.19,293.57,283.24,319.81,290.65,415.17,395.75,379.08,326.22,317.89,366.17
2005-05-01,470.57,346.69,540.04,380.64,294.83,374.53,290.63,303.81,312.27,626.55,293.52,283.18,319.76,290.76,415.26,395.85,379.27,326.26,317.8,366.23
2005-06-01,470.64,346.5,539.8,380.45,294.16,374.28,290.51,303.63,312.18,626.53,293.17,282.94,319.54,290.61,415.09,395.69,379.25,326.07,317.57,366.08
2005-07-01,470.47,346.23,540.0,380.06,293.45,373.92,290.37,303.33,311.96,626.37,292.63,282.51,319.22,290.31,414.71,395.43,379.12,325.66,317.25,365.63
2005-08-01,470.47,346.23,540.0,380.06,293.45,373.92,290.37,303.33,311.96,626.37,292.63,282.51,319.22,290.31,414.71,395.43,379.12,325.66,317.25,365.63
2005-09-01,470.26,345.84000000000003,539.2,379.17,292.83,373.04,289.81,302.09,311.14,626.01,291.1,281.27,318.63,289.27,414.04,394.76,378.78,324.92,316.52,364.62
2005-10-01,470.17,345.99,539.34,378.89,293.01,372.76,289.52,301.57,310.95,625.91,290.54,281.02,318.5,289.04,414.1011428571429,394.48,378.61,324.79,316.37,364.48
2005-11-01,470.49666666666667,346.0433333333334,539.9033333333334,378.7866666666667,293.2466666666667,372.8133333333334,289.42,301.7066666666667,311.2166666666667,626.06,290.5133333333334,281.23,318.5433333333334,289.2333333333334,414.1622857142858,394.44,378.7966666666667,324.88,316.5333333333334,364.6933333333334
2005-12-01,470.8233333333334,346.0966666666667,540.4666666666667,378.6833333333334,293.4833333333334,372.8666666666667,289.32,301.8433333333334,311.4833333333334,626.21,290.4866666666667,281.44,318.5866666666667,289.4266666666667,414.2234285714286,394.4,378.9833333333334,324.97,316.6966666666667,364.9066666666667
2006-01-01,471.15,346.15,541.03,378.58,293.72,372.92,289.22,301.98,311.75,626.36,290.46,281.65,318.63,289.62,414.2845714285715,394.36,379.17,325.06,316.86,365.12
2006-02-01,471.51,346.40999999999997,541.44,378.86,294.18,373.39,289.6,302.26,312.29,626.59,291.58,282.14,318.74,289.94,414.3457142857143,394.76,379.7,325.16,317.28,365.76
2006-03-01,472.39,346.7,542.04,379.15,294.68,373.65999999999997,290.22,302.58,312.74,626.83,291.99,282.79,318.87,290.27,414.4068571428572,395.3,380.7,325.29,317.4,366.18
2006-04-01,474.11,347.02,542.55,379.36,294.87,373.93,290.73,303.04,313.04,627.04,292.61,283.05,318.97,290.49,414.468,395.61,379.92,325.51,317.5,366.31
2006-05-01,473.98,346.93,542.47,379.35,294.85,373.93,290.9,303.16,313.03,627.18,292.64,283.05,318.98,290.62,414.5291428571429,395.72,380.15,325.5,317.45,366.33
2006-06-01,473.51,346.57,542.0699999999999,379.14,294.6,373.76,290.76,302.93,312.83,627.15,292.32,282.83,318.9,290.52,414.5902857142858,395.59,380.09000000000003,325.37,317.33,366.13
2006-07-01,473.08,345.97,541.58,378.82,294.03,373.44,290.65,302.65,312.66,626.97,291.96,282.37,318.75,290.26,414.6514285714286,395.38,379.75,325.16,317.13,365.54
2006-08-01,472.42,345.38,540.99,378.25,293.27,373.11,290.43,302.33,312.53,626.74,291.63,281.92,318.61,289.95,414.7125714285715,395.07,379.44,324.94,316.76,365.14
2006-09-01,471.71,345.13,540.39,377.8,292.64,372.94,290.05,302.04,312.42,626.41,291.27,281.7,318.47,289.69,414.7737142857143,394.77,379.27,324.8,316.5,364.95
2006-10-01,471.78,345.27,540.33,377.57,292.78,372.77,289.66,301.75,312.14,626.19,290.87,281.55,318.29,289.27,414.8348571428572,394.39,379.02,324.71,316.32,364.81
2006-11-01,472.39,345.84000000000003,540.83,377.59000000000003,293.36,372.76,289.56,301.79,312.08,626.26,290.88,281.71,318.29,289.18,414.896,394.32,379.02,324.79,316.29,364.93
2006-12-01,472.73,346.08,541.11,377.83,293.61,372.98,289.72,302.03,312.31,626.41,291.13,281.95,318.39,289.37,414.9571428571429,394.62,379.1,324.93,316.46,365.14
2007-01-01,472.92,346.24,541.22,378.18,293.84,373.82,289.98,296.43,312.59,626.51,291.51,282.24,318.46,289.65,415.0182857142858,394.91,379.19,325.07,316.6,365.34000000000003
2007-02-01,473.31,346.52,541.49,378.35,294.28,373.3,290.36,302.59,312.88,626.73,291.95,282.52,318.67,289.85,415.0794285714286,395.16,379.38,325.52,316.77,365.69
2007-03-01,473.68,346.69,541.65,378.6,294.65,373.47,290.63,302.88,313.25,626.89,292.41,282.71,318.85,290.05,415.1405714285715,395.44,379.55,325.76,316.95,366.05
2007-04-01,474.0,346.82,541.76,378.74,294.91,373.67,290.96,303.22,313.57,626.98,292.79,282.91,318.96,290.24,415.2017142857143,395.82,379.87,325.9,317.05,366.40999999999997
2007-05-01,473.94,346.81,541.72,378.69,294.92,373.7,291.12,303.3,313.59,627.07,292.76,282.89,318.89,290.26,415.26285714285723,395.82,379.96,325.77,317.04,366.40999999999997
2007-06-01,473.64,346.62,541.55,378.52,294.68,373.48,291.01,302.98,313.33,627.05,292.21,282.58,318.67,289.85,415.324,395.6,379.81,325.59,316.96,366.13
2007-07-01,473.33,352.39,541.36,378.24,294.29,373.23,290.81,302.4,312.86,626.88,291.29,282.24,318.52,289.55,415.3851428571429,395.23,379.52,325.35,316.84,365.83
2007-08-01,472.98,345.92,541.1,378.04,293.78,373.05,290.53,302.05,312.48,626.51,290.61,281.75,318.42,289.29,415.4462857142858,394.91,379.25,325.01,316.68,365.58
2007-09-01,472.79,345.51,540.94,377.6,293.33,372.49,290.08,301.76,312.16,625.61,290.06,281.08,318.17,288.89,415.5074285714286,394.33,378.53,324.78,316.29,365.09000000000003
2007-10-01,472.7,345.15,540.8,376.81,293.12,372.13,289.58,301.46,311.92,625.18,289.75,280.77,317.9,288.55,415.5685714285715,394.04,377.88,324.54,316.08,364.81
2007-11-01,472.77,344.98,540.84,376.5,293.16,371.96,289.51,301.47,311.91,625.61,289.79,280.81,317.86,288.56,415.6297142857143,394.47,377.92,324.55,316.11,364.87
2007-12-01,472.94,345.06,540.94,376.4,293.25,371.86,289.61,301.77,312.08,624.94,290.07,280.96,317.94,288.73,415.6908571428572,394.13,378.07,324.67,316.23,365.03
2008-01-01,473.07,345.15999999999997,540.9,376.27,293.41,371.89,289.71,301.71,312.28,624.79,290.47,281.38,318.02,288.9,415.752,394.22,378.25,324.77,316.4,365.23
2008-02-01,473.24,345.25,540.91,376.11,293.72,371.99,289.79,302.25,312.53,624.66,290.73,281.74,318.12,289.05,415.8131428571429,394.32,378.38,324.83,316.54,365.34000000000003
2008-03-01,473.42,345.42,540.79,375.97,294.06,372.23,289.83,302.47,312.27,624.6,290.93,281.95,318.22,289.26,415.8742857142858,394.46,378.49,324.9,316.59,365.45
2008-04-01,473.36,345.28,540.56,375.89,294.03,372.21,289.81,302.49,312.57,624.58,290.95,281.96,318.19,289.3,415.9354285714286,394.49,378.49,324.89,316.46,365.46
2008-05-01,473.14,345.03,540.33,375.83,293.81,372.18,289.78,302.33,312.38,624.51,290.89,281.82,318.12,289.09,415.9965714285715,394.44,378.44,324.83,316.23,365.37
2008-06-01,472.92,344.75,540.11,375.71,293.45,372.13,289.66,302.0,311.9,624.14,290.79,281.63,318.02,288.97,416.0577142857143,394.22,378.06,324.71,316.0,365.05
2008-07-01,472.68,344.42,539.83,375.46,293.01,371.97,289.38,300.83,310.88,623.14,289.63,280.8,317.8,288.47,416.1188571428572,393.86,377.57,324.48,315.48,364.48
2008-08-01,472.42,344.18,539.52,375.34000000000003,292.65,371.74,288.89,300.36,310.16,622.61,288.94,280.4,317.57,287.99,416.18,393.88,377.04,324.04,315.06,363.99
2008-09-01,472.1,343.89,539.14,375.27,292.21,371.32,288.51,300.2,309.92,621.72,288.63,280.23,317.2,287.77,416.07,393.57,376.68,323.64,314.88,363.59000000000003
2008-10-01,471.78,343.6,538.73,375.2,291.82,370.76,288.0,299.91,309.74,620.87,288.42,280.01,316.85,287.61,415.75,393.09,376.1,323.07,314.76,363.0
2008-11-01,471.53,343.34000000000003,538.34,375.1,291.86,370.3,287.94,299.87,309.71,620.71,288.53,279.99,316.74,287.6,415.59,392.94,376.06,323.14,314.76,362.9
2008-12-01,471.33,343.4,537.89,375.03,292.12,370.04,288.04,300.08,309.81,620.63,288.89,280.26,316.82,287.87,415.5,392.87,376.13,323.27,314.9,363.04
2009-01-01,471.14,343.85,537.46,375.18,292.42,370.09000000000003,288.14,300.39,309.95,620.66,289.33,280.42,316.87,288.04,415.51,392.93,376.2900000000001,323.37,315.06,363.15999999999997
2009-02-01,470.76,344.03,537.16,375.40999999999997,292.65,370.28,288.35,300.64,310.15,620.79,289.62,280.63,316.94,288.29,411.58,393.16,376.45,323.47,315.15,363.28
2009-03-01,470.86,343.93,536.77,375.63,293.04,370.42,288.46,300.87,310.37,620.86,289.85,280.74,316.99,288.4,415.64,393.32,376.63,323.62,315.26,363.43
2009-04-01,470.81,343.9,536.47,375.89,293.1,370.54,288.55,301.12,310.61,620.92,290.18,280.98,317.03,288.54,411.58,393.66,376.76,323.74,315.32,363.53
2009-05-01,470.56,343.7,521.9,375.90999999999997,292.85,370.49,288.53,301.15,310.57,620.79,290.29,280.97,317.01,288.51,413.48,393.69,376.78,323.75,315.26,363.49
2009-06-01,470.28,343.52,536.03,375.79,292.56,370.2,288.23,300.88,310.19,620.4,289.97,280.74,316.93,288.19,415.38,393.44,376.68,323.63,315.09,363.17
2009-07-01,469.99,343.31,535.67,375.45,292.23,369.94,287.45,299.48,308.72,619.85,288.55,279.83,316.69,287.51,415.19,393.02,376.42,322.99,313.91,362.39
2009-08-01,468.28,342.93,535.36,374.9,291.81,369.48,286.92,298.98,307.90999999999997,619.54,287.46,279.38,316.28,287.08,415.06,392.77,375.83,322.48,313.46,361.6
2009-09-01,468.28,342.93,535.36,374.61,291.81,368.99,286.71,298.91,307.79,619.33,287.01,279.3,316.12,286.95,415.02,392.52,375.47,322.35,313.43,361.17
2009-10-01,465.52,342.01,534.79,374.3,291.45,367.21,286.53,298.72,307.72,619.15,286.66,279.21,315.87,286.8,414.82,392.19,375.12,322.15,313.33,360.88
2009-11-01,464.86,341.71,534.56,374.01,291.11,366.71,286.43,298.59,307.64,618.93,286.54,279.13,315.61,286.68,414.71,391.94,374.90999999999997,322.01,313.12,360.67
2009-12-01,465.02,342.3,534.72,373.89,291.57,366.65,286.18,299.11,307.87,618.59,287.02,279.27,315.72,286.79,414.56,391.65,375.13,322.03,313.13,360.72
2010-01-01,465.35,342.85,535.0699999999999,375.11,292.11,371.86,286.04,299.58,308.25,618.22,289.38,279.63,315.68,287.18,414.34,392.18,376.28,321.8,314.13,361.75
2010-02-01,465.69,343.03,535.3,375.25,292.62,372.01,287.82,300.39,308.39,618.38,289.79,280.43,315.87,287.38,414.45,392.51,376.8,322.03,314.49,361.97
2010-03-01,465.96,343.22,535.4300000000001,376.01,293.0,372.57,288.15,301.54,309.72,619.25,290.45,281.14,316.77,288.21,415.25,393.4,377.43,324.62,315.1,363.01
2010-04-01,465.83,342.7,535.4,375.8,293.04,372.7,288.6,301.72,310.58,620.25,291.02,281.72,317.05,288.59,415.56,393.76,377.72,323.78,315.37,363.56
2010-05-01,465.64,342.62,535.22,375.72,292.89,371.83,288.84,301.57,310.17,620.21,290.15,281.17,316.84,288.4,415.37,393.6,377.61,323.62,315.16,363.44
2010-06-01,465.37,342.46,534.94,375.59000000000003,292.62,371.61,288.24,301.39,309.8,620.14,289.99,280.94,316.7,288.2,415.29,393.39,377.46,323.54,315.01,363.32
2010-07-01,464.93,342.23,534.71,375.59000000000003,292.37,371.61,288.24,301.39,309.8,620.14,289.99,280.94,316.7,288.2,415.29,393.39,377.46,323.54,315.01,365.32
2010-08-01,469.56,342.02,534.45,374.98,292.08,370.39,287.81,301.07,308.38,619.51,289.07,280.48,316.45,287.68,415.03,392.84,377.13,322.74,314.65,362.92
2010-09-01,464.26,341.8,534.1800000000001,374.81,291.83,370.12,287.68,300.93,307.98,619.35,288.94,280.37,316.31,287.41,414.98,392.68,376.90999999999997,322.37,314.5,362.74
2010-10-01,463.98,341.62,533.97,374.61,291.7,369.94,287.53,300.73,307.77,619.2,288.82,280.19,316.11,287.25,414.88,392.57,376.74,322.27,314.37,362.51
2010-11-01,463.73,341.40999999999997,533.78,374.24,291.53,369.85,287.29,300.14,307.57,618.9,288.43,280.03,315.9,287.14,414.72,392.41,376.56,322.09,314.18,362.26
2010-12-01,463.48,341.26,533.65,374.13,292.85,369.74,287.14,300.2,307.61,618.73,288.55,280.13,315.97,287.22,414.59,392.25,376.65999999999997,322.13,314.21,362.28
2011-01-01,456.3,341.7,533.09,374.53,292.7,370.04,287.48,300.85,307.85,619.03,289.17,280.49,316.18,287.59,414.74,392.85,376.89,322.88,314.5,362.98
2011-02-01,451.625,341.5333333333334,529.8244444444445,374.55125,292.45,370.04,287.50125,300.8525,307.84625,619.0625,289.135,280.47375,316.19,287.555,414.76375,392.8212500000001,376.885,322.8,314.495,362.9425
2011-03-01,446.95,341.3666666666667,526.558888888889,374.5725000000001,292.2,370.04,287.5225,300.855,307.8425,619.095,289.1,280.4575,316.2,287.52,414.7875,392.7925,376.88,322.72,314.4900000000001,362.905
2011-04-01,442.275,341.2,523.293333333334,374.59375,291.95,370.04,287.54375,300.8575,307.8387500000001,619.1275,289.065,280.44125,316.21,287.485,414.81125,392.76375,376.875,322.64,314.485,362.8675
2011-05-01,437.6,341.0333333333334,520.027777777778,374.615,291.7,370.04,287.565,300.86,307.835,619.16,289.03,280.425,316.22,287.45,414.835,392.735,376.8700000000001,322.56,314.48,362.83
2011-06-01,432.92500000000007,340.8666666666667,516.762222222223,374.63625000000013,291.45,370.04,287.58625,300.8625,307.83125,619.1925,288.995,280.40875,316.23,287.4150000000001,414.85875,392.70625,376.865,322.48,314.475,362.7925
2011-07-01,428.25,340.7,513.496666666667,374.6575,291.2,370.04,287.6075,300.865,307.8275,619.225,288.96,280.3925,316.2400000000001,287.38,414.8825,392.6775000000001,376.86,322.4,314.47,362.755
2011-08-01,423.575,340.5333333333334,510.231111111112,374.67875,290.95,370.04,287.62875,300.8675,307.82375000000013,619.2575,288.925,280.37625,316.25,287.345,414.90625,392.64875,376.85500000000013,322.32,314.465,362.7175
2011-09-01,418.9,340.3666666666667,506.96555555555597,374.7,290.7,370.04,287.65,300.87,307.82,619.29,288.89,280.36,316.26,287.31,414.93,392.62,376.85,322.24,314.46,362.68
2011-10-01,418.8,340.2,503.7,374.6,290.9,369.95,287.59,300.8,307.78,619.26,288.23,280.25,316.16,287.26,414.89,392.55,376.8,322.26,314.4,362.56
2011-11-01,418.4,340.0333333333334,503.2,374.49,292.8,369.9,287.5,300.65,307.72,619.2,288.3,280.19,316.09,287.22,414.81,392.5,376.7,322.18,314.3,362.5
2011-12-01,418.45,339.8666666666667,503.2,374.53,290.9,369.82,287.52,300.6,307.75,620.0,288.33,280.2,316.11,287.25,414.79,392.47,376.65999999999997,322.21,314.32,362.44
2012-01-01,421.4625,339.7,497.375,374.8525,290.975,370.545,287.795,300.875,308.45,620.0675,289.025,280.5775,316.345,287.59,414.9925,392.8025,376.925,322.6075,314.5600000000001,362.725
2012-02-01,424.475,339.5333333333334,491.55,375.175,291.05,371.27,288.07,301.15,309.15,620.135,289.72,280.955,316.58,287.93,415.195,393.135,377.19,323.0050000000001,314.8,363.01
2012-03-01,427.4875,339.3666666666667,485.725,375.4975,291.125,371.995,288.345,301.425,309.85,620.2025,290.415,281.3325,316.815,288.27,415.3975,393.4675,377.455,323.4025,315.04,363.295
2012-04-01,430.5,339.2,479.9,375.82,291.2,372.72,288.62,301.7,310.55,620.27,291.11,281.71,317.05,288.61,415.6,393.8,377.72,323.8,315.28,363.58
2012-05-01,429.0,338.5,478.5,375.72,291.3,372.55,288.53,301.62,310.4,620.24,291.0,281.59,316.9,288.54,415.44,393.63,377.63,323.68,315.24,363.5
2012-06-01,427.6,338.3,477.3,375.53,290.1,371.52,288.16,301.31,309.8,620.1,289.93,280.85,316.66,288.1,415.25,393.26,377.42,323.49,314.98,373.26
2012-07-01,425.0,338.05,476.3,375.0,289.9,371.07,288.14,301.3,308.79,620.04,289.91,280.84,316.59,287.6,414.9,392.9,377.38,322.8,314.94,363.08
2012-08-01,422.5,336.1,475.0,375.0,289.2,371.07,288.14,301.3,308.79,620.04,289.91,280.84,316.59,287.6,414.9,392.9,377.38,322.8,314.94,363.08
2012-09-01,420.0,335.5,473.5,374.7,288.8,370.8,287.69,300.21,308.69,619.58,289.74,279.52,316.36,287.36,414.58,392.4,377.11,322.55,313.79,362.8
2012-10-01,423.5,335.35,474.28,376.0,289.025,361.7,280.0,295.8,305.9,617.74,286.2,274.4,315.6,272.6,403.7,375.8,375.8,315.8,311.7,362.0
2012-11-01,423.25,335.35,475.06,371.13,289.25,366.9,285.35,298.79,306.06,615.9,285.75,276.69,315.15,283.07,412.18,391.46,374.9,319.11,311.68,361.31
2012-12-01,423.0,336.2,475.84000000000003,371.1,289.8,366.8,285.29,298.7,306.03,615.82,285.7,276.61,315.09,283.02,412.12,391.46,374.76,319.09,311.65,361.28
2013-01-01,432.5,337.1,476.62,369.7,290.2,365.92,283.15,297.65,304.33,614.95,285.7,277.0,307.0,282.25,409.4,390.8,373.55,318.5,307.4,360.7
2013-02-01,442.0,337.15,477.4,369.95,290.35,365.78,283.29,298.0,304.85,615.0,286.3,277.17,307.8,282.4,409.8,390.88,373.73,318.6,307.67,360.4
2013-03-01,451.5,338.0,478.18,369.77,290.5,365.7,282.6,297.8,304.53,614.8,286.5,277.2,307.2,282.6,409.57,390.5,373.18,318.45,307.6,359.9
2013-04-01,452.0,338.1,478.96000000000004,369.5,291.1,365.6,282.0,297.0,304.2,614.6,286.4,276.8,306.88,278.55,409.29,390.0,371.04,318.32,307.47,357.9
2013-05-01,451.85,338.0,479.74,369.2,290.9,365.3,281.6,296.7,304.0,614.0,285.9,276.6098611111112,306.2,278.25,408.95,389.55,368.9,317.6,306.9,355.9
2013-06-01,451.7,337.85,480.52,368.95,290.8,365.0,280.95,296.0,315.7,613.5,285.45,276.4197222222223,305.6,277.9,408.4,389.08,368.1,317.18,306.2,355.2
2013-07-01,451.5,337.7,481.3,368.68,290.75,364.8,280.48,295.6,315.08,613.23,285.1,276.2295833333334,305.1,277.73,408.2,388.9,367.85,316.9,305.7,354.5
2013-08-01,451.05,337.39,482.08000000000004,367.94,290.14,363.9,279.8,294.9,313.9,612.15,283.95,276.0394444444445,304.58,277.5,407.6,388.05,367.2,315.96,304.25,354.0
2013-09-01,451.0,337.29,482.86,367.18,290.09,362.06,279.05,293.97,312.8,611.28,283.0,275.8493055555556,303.9,277.30666666666673,406.95,387.3,366.9,315.1,303.5,353.57
2013-10-01,450.15999999999997,337.05,483.64,367.18,289.2,361.2,278.38,292.6,312.5,610.5,282.2,275.6591666666667,303.27,277.1133333333334,406.45,386.5,366.6,314.3,301.18,353.05
2013-11-01,450.15,337.07,484.41999999999996,365.5,289.19,360.28,277.59000000000003,291.2,311.95,609.88,282.0,275.4690277777778,302.85,276.92,405.9,385.75,366.3,312.0,300.85,352.78
2013-12-01,450.2,337.42,485.2,365.61,290.0,360.55,277.72,291.75,312.09,614.22,282.22,275.2788888888889,303.03,277.1,405.9,385.94,366.55,312.11,301.15,352.95
2014-01-01,450.32,337.55,485.98,365.77,290.1,360.6,277.84000000000003,292.15,312.21,610.09,283.0,275.08875,303.15,277.5,405.5,386.0,366.6,312.2,301.7,353.0
2014-02-01,450.38,337.6,486.76,363.9,290.15,359.1,276.08,292.7,309.9,608.9,283.48,274.8986111111112,300.8,277.59,406.8,384.2,364.9,312.0,300.95,352.5
2014-03-01,450.82,337.6833333333334,487.53999999999996,363.5366666666667,290.3666666666667,357.0333333333334,275.2866666666667,291.5,305.2266666666667,606.8333333333334,281.8833333333334,274.7084722222223,299.6533333333334,275.8266666666667,405.1666666666667,382.2666666666667,363.7166666666667,311.475,300.0,351.975
2014-04-01,451.26,337.7666666666667,488.32,363.1733333333334,290.58333333333337,354.9666666666667,274.4933333333334,290.3,300.5533333333334,604.7666666666667,280.2866666666667,274.5183333333334,298.5066666666667,274.0633333333334,403.5333333333334,380.33333333333337,362.5333333333334,310.95,299.05000000000007,351.45
2014-05-01,451.7,337.85,489.1,362.81,290.8,352.9,273.7,289.1,295.88,602.7,278.69,274.3281944444445,297.36,272.3,401.9,378.4,361.35,310.425,298.1,350.925
2014-06-01,450.9,337.81,489.88,362.0,290.6,351.9,273.3,288.7,295.7,602.63,278.44,274.1380555555556,297.1,272.76,403.9,379.2,361.1,309.9,297.6,350.4
2014-07-01,450.9066666666667,337.7793333333334,490.65999999999997,361.7537313432836,290.3784482758621,351.6375,273.03,288.446,294.5166666666667,602.453125,278.2473333333334,273.9479166666667,295.3633333333334,272.3937931034483,403.3875,378.7994915254238,360.9125,309.9,296.82,349.8851515151516
2014-08-01,450.9133333333334,337.7486666666667,491.44,361.5074626865672,290.1568965517242,351.375,272.76,288.192,293.33333333333337,602.2762500000001,278.0546666666667,273.7577777777778,293.6266666666667,272.0275862068966,402.875,378.3989830508475,360.725,309.9,296.04,349.3703030303031
2014-09-01,450.92,337.718,492.22,361.2611940298508,289.9353448275863,351.11250000000007,272.49,287.938,292.1500000000001,602.099375,277.8620000000001,273.5676388888889,291.89,271.6613793103449,402.3625,377.9984745762712,360.5375,309.9,295.26,348.8554545454546
2014-10-01,450.92666666666673,337.6873333333334,493.0,361.0149253731344,289.7137931034483,350.8500000000001,272.22,287.684,290.9666666666667,601.9225,277.6693333333334,273.3775,290.1533333333334,271.2951724137932,401.85,377.597966101695,360.35,309.9,294.48000000000013,348.3406060606061
2014-11-01,450.9333333333334,337.6566666666667,493.78,360.768656716418,289.49224137931037,350.5875,271.95,287.43,289.7833333333334,601.7456250000001,277.4766666666667,273.1873611111112,288.4166666666667,270.9289655172414,401.3375,377.1974576271187,360.1625,309.9,293.7,347.8257575757576
2014-12-01,450.94,337.6260000000001,494.56,360.5223880597015,289.2706896551725,350.325,271.68,287.176,288.6,601.56875,277.284,272.9972222222223,286.68,270.5627586206897,400.825,376.7969491525424,359.975,309.9,292.92,347.3109090909091
2015-01-01,450.9466666666667,337.59533333333343,495.34000000000003,360.2761194029851,289.0491379310345,350.0625,271.40999999999997,286.922,287.4166666666667,601.391875,277.0913333333334,272.8070833333334,284.9433333333334,270.196551724138,400.3125,376.3964406779662,359.7875,309.9,292.14,346.7960606060607
2015-02-01,450.9533333333334,337.5646666666667,496.12,360.0298507462687,288.8275862068966,349.80000000000007,271.14,286.668,286.2333333333334,601.215,276.8986666666667,272.61694444444447,283.2066666666667,269.8303448275863,399.8,375.9959322033899,359.6,309.9,291.36,346.2812121212122
2015-03-01,450.9600000000001,337.534,496.9,359.7835820895523,288.6060344827587,349.5375000000001,270.87,286.414,285.05000000000007,601.038125,276.706,272.4268055555556,281.47,269.4641379310345,399.2875,375.5954237288136,359.4125,309.9,290.58,345.7663636363637
2015-04-01,450.9666666666667,337.5033333333334,497.68,359.5373134328359,288.3844827586207,349.275,270.6,286.16,283.8666666666667,600.86125,276.5133333333334,272.2366666666667,279.7333333333334,269.0979310344828,398.775,375.1949152542373,359.225,309.9,289.8,345.2515151515152
2015-05-01,450.9733333333334,337.47266666666667,498.46000000000004,359.2910447761194,288.1629310344828,349.0125,270.33,285.906,282.6833333333334,600.684375,276.3206666666667,272.0465277777778,277.99666666666667,268.7317241379311,398.2625,374.79440677966113,359.0375,309.9,289.02,344.7366666666667
2015-06-01,450.98,337.442,499.24000000000103,359.04477611940297,287.9413793103449,348.75,270.06,285.652,281.5,600.5075,276.128,271.8563888888889,276.26,268.3655172413794,397.75,374.3938983050848,358.85,309.9,288.24,344.2218181818182
2015-07-01,450.9866666666667,337.4113333333334,500.02,358.7985074626866,287.7198275862069,348.4875,269.79,285.398,280.3166666666667,600.330625,275.9353333333334,271.66625,274.5233333333334,267.9993103448276,397.23750000000007,373.9933898305085,358.6625,309.9,287.46,343.7069696969697
2015-08-01,450.9933333333334,337.3806666666667,500.8,358.5522388059702,287.498275862069,348.2250000000001,269.52,285.1440000000001,279.1333333333334,600.15375,275.7426666666667,271.4761111111112,272.7866666666667,267.6331034482759,396.725,373.5928813559323,358.475,309.9,286.68,343.1921212121213
2015-09-01,451.0,337.35,501.58,358.30597014925377,287.2767241379311,347.9625,269.25,284.89,277.95,599.976875,275.55,271.2859722222223,271.05,267.2668965517242,396.2125000000001,373.192372881356,358.2875,309.9,285.9,342.6772727272728
2015-10-01,450.5,337.2,502.36,358.0597014925374,287.05517241379323,347.7,266.55,284.85,277.85,599.8,275.5,271.0958333333334,270.95,266.9006896551725,395.7,372.7918644067797,358.1,309.9,286.2,342.1624242424243
2015-11-01,450.58,337.23,503.14,357.8134328358209,286.8336206896552,351.55,269.3,284.9,278.3,601.8,275.85,270.9056944444445,270.21,266.5344827586207,398.65,372.3913559322034,350.62,309.9,286.0,341.6475757575758
2015-12-01,451.0,337.26,503.92,357.5671641791045,286.6120689655173,355.95,269.9,284.1,287.2,605.6,276.1,270.7155555555556,277.2,266.168275862069,400.9,371.9908474576272,352.7,309.9,289.3,341.1327272727273
2016-01-01,450.6243902439025,337.28,504.7,357.3208955223881,286.39051724137937,357.0,270.85,285.4,288.45,607.1,276.5,270.52541666666673,279.0,265.8020689655173,400.95,371.5903389830509,343.75,309.9,290.15,340.6178787878788
2016-02-01,450.2487804878049,337.31,505.48,357.0746268656717,286.1689655172414,357.2,270.49,286.2,289.45,607.3,277.45,270.3352777777778,280.28,265.4358620689656,401.28,371.1898305084746,344.11,309.9,290.9,340.1030303030303
2016-03-01,449.87317073170743,337.34000000000003,506.26,356.8283582089553,285.9474137931035,357.22,270.52,286.22,289.5,607.33,277.48,270.1451388888889,280.3,265.06965517241383,401.32,370.7893220338983,344.22,309.9,291.3,339.5881818181819
2016-04-01,449.4975609756098,337.28499999999997,507.04,356.5820895522389,285.7258620689656,357.11,269.72,284.56,283.5,605.74,276.6150000000001,269.955,276.1,264.7034482758621,399.6350000000001,370.3888135593221,342.06,309.9,291.675,339.0733333333334
2016-05-01,449.1219512195122,337.23,507.82,356.3358208955224,285.5043103448276,357.0,268.92,282.9,277.5,604.15,275.75,269.7648611111112,271.9,264.3372413793104,397.95,369.9883050847458,339.9,309.9,292.05,338.5584848484849
2016-06-01,448.7463414634147,336.97,508.6,356.089552238806,285.2827586206897,365.3,268.1,282.1,277.0,603.08,274.85,269.5747222222223,270.93,263.9710344827587,397.35,369.5877966101695,339.28,309.9,291.85,338.0436363636364
2016-07-01,448.3707317073171,336.985,509.38,355.8432835820896,285.0612068965518,360.8,282.225,281.1,274.85,601.64,273.6,269.3845833333334,267.56,263.6048275862069,397.2750000000001,369.1872881355933,337.7400000000001,309.9,288.325,337.5287878787879
2016-08-01,447.99512195121963,337.0,510.15999999999997,355.5970149253732,284.8396551724138,356.3,296.35,280.1,272.7,600.2,272.35,269.1944444444445,264.19,263.2386206896552,397.2,368.786779661017,336.2,309.9,284.8,337.0139393939394
2016-09-01,447.619512195122,338.8,510.94,355.3507462686568,284.6181034482759,352.8,278.225,279.1,270.55000000000007,597.8,271.1,269.0043055555556,260.8200000000001,262.8724137931035,397.0,368.3862711864407,333.05,309.9,281.275,336.499090909091
2016-10-01,447.2439024390244,332.9,511.72,355.1044776119403,284.396551724138,351.65,260.1,278.1,268.4,600.7,269.85,268.8141666666667,257.45,262.5062068965518,398.1,367.9857627118644,332.7645161290323,309.9,277.75,335.9842424242425
2016-11-01,446.8682926829269,333.0,512.5,354.8582089552239,284.175,351.0,263.9,277.5,275.15,601.72,270.1,268.6240277777778,266.2,262.14,398.15,367.5852542372882,332.47903225806454,309.9,277.55,335.46939393939397
2016-12-01,446.4926829268293,333.2,513.28,354.61194029850753,283.9534482758621,351.775,264.145,278.825,278.875,602.595,271.0,268.4338888888889,270.195,261.77379310344827,398.38,367.1847457627119,332.1935483870968,309.9,279.25,334.9545454545455
2017-01-01,446.1170731707317,333.4,514.06,354.3656716417911,283.7318965517242,352.55,264.39,280.15,282.6,603.47,271.9,268.24375,274.19,261.4075862068966,398.61,366.7842372881356,331.9080645161291,309.9,280.95,334.439696969697
2017-02-01,445.7414634146342,333.6,514.84,354.1194029850747,283.5103448275863,353.5,264.77,280.69,283.68,603.9,272.42,268.0536111111112,276.38,261.0413793103449,398.40999999999997,366.3837288135594,331.6225806451613,309.9,283.95,333.9248484848485
2017-03-01,445.3658536585366,325.05,515.62,353.8731343283582,283.2887931034483,353.28,264.47,280.62,283.45,603.85,271.59000000000003,267.8634722222223,274.9,260.6751724137932,398.3,365.9832203389831,331.3370967741936,309.9,281.68,333.40999999999997
2017-04-01,444.9902439024391,324.88,516.4,353.6268656716418,283.0672413793104,353.1,264.81,279.85,280.08,603.9,271.95,267.6733333333334,272.78,260.3089655172414,398.05,365.5827118644068,331.0516129032258,309.9,279.85,332.8951515151516
2017-05-01,444.6146341463415,324.0,517.1800000000001,353.3805970149254,282.8456896551725,349.64,261.68,275.9,271.9,602.58,268.68,267.4831944444445,266.17,259.9427586206897,397.12,365.1822033898306,330.7661290322581,309.9,277.28,332.3803030303031
2017-06-01,444.2390243902439,322.0,517.960000000001,353.134328358209,282.6241379310345,349.58,261.05,275.2,270.7,601.6,267.5,267.2930555555556,264.68,259.57655172413797,394.68,364.7816949152543,330.4806451612904,309.9,276.7,331.8654545454546
2017-07-01,443.8634146341464,320.7,518.740000000001,352.8880597014926,282.4025862068966,349.5,260.7,274.35,270.18,600.8,266.81,267.1029166666667,261.46,259.2103448275863,391.7,364.381186440678,330.19516129032263,309.9,275.3,331.3506060606061
2017-08-01,443.4878048780488,320.13,519.520000000001,352.6417910447762,282.1810344827587,348.7,258.9,272.27,266.95,599.7,265.0,266.9127777777778,263.05,258.8441379310345,395.08,363.9806779661017,329.9096774193549,309.9,270.9,330.8357575757576
2017-09-01,443.1121951219513,319.8,520.300000000001,352.3955223880597,281.9594827586207,347.85,256.65,270.68,262.89,598.8,264.49,266.7226388888889,260.1,258.4779310344828,395.65,363.5801694915255,329.6241935483871,309.9,268.62,330.3209090909091
2017-10-01,442.73658536585367,319.3,521.08,352.14925373134326,281.7379310344828,346.11,254.62,270.15,261.47,596.21,263.18,266.5325,256.18,258.1117241379311,393.68,363.1796610169492,329.3387096774194,309.9,267.22,329.80606060606067
2017-11-01,442.3609756097561,326.5,521.86,351.9029850746269,281.5163793103449,345.83,256.9,271.43,266.1,596.11,263.62,266.3423611111112,254.78,257.7455172413794,394.85,362.7791525423729,329.0532258064517,309.9,269.43,329.2912121212122
2017-12-01,441.9853658536586,326.3,522.64,351.6567164179105,281.2948275862069,349.04,257.65,270.88,268.17,596.28,263.42,266.1522222222223,257.2,257.3793103448276,395.65,362.3786440677967,328.7677419354839,309.9,268.83,328.7763636363637
2018-01-01,441.609756097561,330.12,523.42,351.4104477611941,281.073275862069,349.605,258.63,271.64,268.84000000000003,598.935,263.81,265.9620833333334,260.5,257.0131034482759,395.65999999999997,361.9781355932204,328.4822580645162,309.9,270.58,328.2615151515152
2018-02-01,441.2341463414635,330.8,524.2,351.1641791044777,280.8517241379311,350.17,259.61,272.4,269.51,601.59,264.2,265.7719444444445,263.8,256.6468965517242,395.67,361.5776271186441,328.19677419354844,309.9,272.33,327.74666666666667
2018-03-01,440.85853658536587,330.5,524.98,350.9179104477612,280.6301724137932,346.1,257.9,272.15,270.18,599.9,263.25,265.5818055555556,262.68,256.2806896551725,394.5,361.1771186440678,327.9112903225807,309.9,271.65,327.2318181818182
2018-04-01,440.4829268292683,332.0,525.76,350.6716417910448,280.4086206896552,346.1,255.5,272.11,267.05,600.7,265.65,265.3916666666667,251.1,255.9144827586207,390.9,360.7766101694916,327.6258064516129,309.9,262.68,326.7169696969697
2018-05-01,440.1073170731708,329.9,526.54,350.4253731343284,280.1870689655173,343.68,254.85,272.08,265.1,600.48,263.15,265.2015277777778,249.85,255.548275862069,392.42,360.3761016949153,327.3403225806452,309.9,264.15,326.2021212121213
2018-06-01,439.7317073170732,329.88,527.3199999999999,350.179104477612,279.9655172413794,341.07,252.28,268.68,261.2,598.17,261.08,265.0113888888889,247.7,255.18206896551732,392.5,359.975593220339,327.0548387096775,309.9,262.55,325.6872727272728
2018-07-01,439.3560975609756,329.0,528.1,349.9328358208956,279.7439655172414,341.61,249.19,263.58,253.68,596.8,253.2,264.82125,241.3,254.8158620689656,392.97,359.5750847457628,326.7693548387097,309.9,262.79,325.1724242424243
2018-08-01,438.98048780487807,327.0,528.88,349.6865671641792,279.5224137931035,336.7,246.78,262.19,250.69,594.92,251.13,264.6311111111112,240.13,254.4496551724138,392.28,359.1745762711865,326.483870967742,309.9,259.1,324.6575757575758
2018-09-01,438.6048780487805,326.0,529.66,349.44029850746267,279.3008620689656,333.65,243.78,261.31,243.9,593.61,250.01,264.4409722222223,237.1,254.0834482758621,390.3,358.7740677966102,326.1983870967742,309.9,257.7,324.1427272727273
2018-10-01,438.229268292683,324.0,530.44,349.1940298507463,279.0793103448276,335.4,246.8,262.11,257.7,596.1,250.7,264.2508333333334,243.9,253.7172413793104,392.78,358.3735593220339,325.91290322580653,309.9,258.87,323.6278787878788
2018-11-01,437.8536585365854,326.75,531.22,348.9477611940299,278.8577586206897,338.53,248.7166666666667,264.845,261.725,597.458,253.9000000000001,264.0606944444445,248.95,253.3510344827587,393.53499999999997,357.97305084745767,325.6274193548388,309.9,260.4600000000001,323.1130303030304
2018-12-01,437.4780487804878,329.5,532.0,348.70149253731347,278.6362068965518,341.65999999999997,250.63333333333338,267.58,265.75,598.816,257.1,263.8705555555556,254.0,252.984827586207,394.29,357.5725423728814,325.341935483871,309.9,262.05000000000007,322.5981818181819
2019-01-01,437.1024390243903,332.25,532.78,348.4552238805971,278.4146551724138,344.79,252.55,270.315,269.775,600.174,260.3,263.6804166666667,259.05,252.6186206896552,395.045,357.17203389830513,325.0564516129033,309.9,263.64,322.08333333333337
2019-02-01,436.7268292682927,335.0,533.56,348.2089552238806,278.1931034482759,347.92,254.4666666666667,273.05,273.8,601.5320000000002,263.5,263.4902777777778,264.1,252.2524137931035,395.8,356.7715254237288,324.77096774193546,309.9,265.23,321.5684848484849
2019-03-01,436.3512195121952,335.2,534.34,347.9626865671642,277.971551724138,351.05,256.3833333333334,275.4,275.25,602.89,266.17,263.3001388888889,267.35,251.8862068965518,397.2,356.3710169491526,324.4854838709678,309.9,271.99,321.05363636363643
2019-04-01,435.9756097560976,333.40999999999997,535.12,347.71641791044783,277.75,351.55,258.3,275.52,277.85,612.17,266.05,263.11,268.85,251.52,399.05,355.9705084745763,324.2,309.9,272.90999999999997,320.5387878787879
2019-05-01,435.6,331.62,535.9,347.4701492537314,278.6,337.3,258.68,275.69,278.6,613.35,266.5,262.88,269.05,252.07999999999998,398.35,355.57,325.48,309.9,271.88,320.0239393939394
2019-06-01,442.2,326.0,535.9,347.223880597015,277.15,336.38,258.05,273.19,266.49,610.4,263.42,261.8,262.03,249.1,397.1,347.7,323.58,309.9,267.6,319.509090909091
2019-07-01,442.35,324.2,536.3,346.97761194029863,275.8,336.09000000000003,257.05,270.69,262.07,606.02,259.075,258.5175,257.62,242.87,396.85,339.11,323.995,309.9,265.39,318.9942424242425
2019-08-01,441.2,323.6650000000001,535.59,346.7313432835821,274.2,335.69,255.92000000000002,263.75,258.67,605.0,254.73,255.235,257.135,238.57999999999998,391.09000000000003,333.94,324.40999999999997,309.9,261.7,318.479393939394
2019-09-01,441.1,323.13,534.9,346.4850746268657,272.2,336.6,254.79,262.87,256.4900000000001,602.69,253.98,251.9525,256.65,237.99,395.85,339.65,323.5066666666667,309.9,255.7,317.9645454545455
2019-10-01,436.9,323.1,534.2,346.2388059701493,270.7,336.5,254.09,263.95,254.31,602.7,254.62,248.67000000000002,256.165,238.17000000000002,395.51,340.1,322.6033333333334,309.9,255.7,317.449696969697
2019-11-01,441.2,323.51,538.5,345.9925373134329,272.1,332.58,255.18,266.65,259.48,614.4,256.38,253.05,255.68,242.98,395.94,357.55,321.7,309.9,255.7,316.9348484848485
2019-12-01,441.3,323.9588888888889,538.6,345.7462686567165,271.3,333.58,256.09000000000003,268.49,264.29,617.48,260.9,254.27,259.05,245.88,396.45,357.65999999999997,321.65,309.9,256.40999999999997,316.42
2020-01-01,444.5,324.4077777777778,539.4,345.5,271.55,318.0,256.1,274.9,269.1,619.57,262.05,253.0545454545455,265.08,247.57,396.92,358.90999999999997,317.685,309.9,257.12,320.67
2020-02-01,443.45,324.8566666666667,538.3000000000001,345.5,271.075,317.894444444445,254.7666666666667,272.575,266.865,619.5916666666667,260.1733333333334,251.839090909091,261.995,245.4966666666667,396.781,358.025,313.72,309.9,257.83,319.2400000000001
2020-03-01,442.4,325.3055555555556,537.2,345.5,270.6,317.788888888889,253.4333333333334,270.25,264.63,619.6133333333335,258.2966666666667,250.6236363636364,258.90999999999997,243.4233333333334,396.642,357.14,309.755,309.9,258.54,317.81
2020-04-01,441.35,325.7544444444445,536.1,345.5,270.125,317.683333333334,252.1,267.925,262.395,619.635,256.42,249.4081818181819,255.825,241.35,396.503,356.255,305.79,309.9,259.25,316.38
2020-05-01,440.3,326.2033333333334,535.0,345.5,269.65,317.577777777778,250.7666666666667,265.6,260.15999999999997,619.6566666666668,254.5433333333334,248.1927272727273,252.74,239.2766666666667,396.3640000000001,355.37,301.825,309.9,259.96,314.95
2020-06-01,439.25,326.6522222222223,533.9,345.5,269.17500000000007,317.47222222222297,249.4333333333334,263.2750000000001,257.925,619.6783333333334,252.66666666666669,246.9772727272728,249.655,237.2033333333334,396.225,354.485,297.86,309.9,260.67,313.5200000000001
2020-07-01,438.2,327.1011111111112,532.8,345.5,268.7,317.366666666667,248.1,260.95,255.69,619.7,250.79,245.7618181818182,246.57,235.13,396.086,353.6,293.895,309.9,261.38,312.09000000000003
2020-08-01,438.15,327.55,530.8,345.5,266.2,317.261111111112,245.91,258.07,248.87,618.98,248.97,244.5463636363637,245.42000000000002,231.15,395.947,351.9,289.93,309.9,260.78,304.0
2020-09-01,436.825,327.025,523.8,345.5,266.1,317.155555555556,246.7575,257.185,259.185,618.515,246.885,243.3309090909091,256.0466666666667,231.625,395.808,347.745,285.96500000000003,309.9,264.54,301.9
2020-10-01,435.5,326.5,516.8,345.5,266.0,317.05,247.60500000000002,256.3,269.5,618.05,244.8,242.1154545454546,266.6733333333334,232.1,395.6690000000001,343.59000000000003,282.0,309.9,268.3,299.8
2020-11-01,434.6,330.1,480.8,345.5,266.9,319.45,248.4525,260.8,262.1,620.68,253.8,240.9,277.3,238.0,395.53,354.83,314.85,309.9,265.125,304.89
2020-12-01,438.8,330.1,485.8,345.5,267.0,328.0,249.3,261.7,254.7,621.4,253.9,241.9,277.2,238.2,394.65,351.05,309.241666666667,309.9,261.95,309.0
2021-01-01,439.75,330.1,485.850000000001,345.5,266.525,323.94,249.5,261.35,254.1,619.625,253.75,242.8,278.05,238.65,394.54,350.68,303.633333333334,309.9,258.775,305.44
2021-02-01,440.7,330.1,485.9,345.5,266.05,319.88,249.7,261.0,253.5,617.85,253.6,243.7,278.9,239.1,394.43,350.31,298.025,309.9,255.6,301.88
2021-03-01,440.9,330.26,480.9,345.5,266.0,322.28,248.9,259.8,252.2,621.32,252.1,240.9,277.3,237.8,393.25,348.75,292.41666666666697,309.9,254.9,297.6
2021-04-01,437.85,329.255,480.25,345.5,268.95,322.28,245.5,256.5,249.75,620.52,253.6500000000001,236.35,275.05,241.75,392.14,345.8950000000001,286.808333333334,309.9,253.375,296.39
2021-05-01,434.8,328.25,479.6,345.5,271.9,322.28,242.10000000000008,253.2,247.3,619.72,255.2,231.8,272.8,245.7,391.03,343.04,281.2,309.9,251.85,295.18
2021-06-01,432.9,328.15,479.2,345.5,258.6,322.28,238.7,245.6,243.6,617.72,248.7,229.6,272.5,231.5,391.02,340.0,282.02,309.9,248.4,306.04
2021-07-01,433.0,327.55,478.55,345.5,256.0,322.28,236.8,241.8,240.6,615.36,246.8,228.0,270.5,229.3,390.22,337.9,284.516666666667,309.9,244.4,290.3
2021-08-01,432.9,327.4933333333334,477.6,345.5,253.8,322.28,241.7,238.5,235.0,618.0,231.8,221.8,270.5,224.0,389.51,335.78,287.013333333334,309.9,241.6,286.82
2021-09-01,433.0,327.4366666666667,477.5,345.5,251.2,322.28,240.2,237.8,233.6,617.17,230.4,220.1,270.3,223.5,388.8,332.7,289.51,309.9,241.0,283.7
2021-10-01,432.95,327.38,466.6,345.5,249.69,322.28,240.0,237.0,229.5,617.52,243.2,219.8,270.2,222.6,388.45,334.0,292.006666666667,309.9,240.4,289.69
2021-11-01,432.9,327.8,466.5,345.5,249.05,322.28,239.5,238.5,242.5,618.75,243.0,222.0,255.1,223.2,389.1,335.0,294.503333333334,309.9,239.3,286.6
2021-12-01,442.2,328.1,466.8,345.5,249.05,322.28,237.7,236.6,238.6,618.5,242.9,221.5,253.8,224.2,388.0,337.0,297.0,309.9,241.45,286.0
2022-01-01,442.95,327.9,468.7,345.5,251.4,322.28,241.6,244.2,236.9,618.5,244.5,228.0,252.25,227.1,390.5,336.5,297.0,309.9,243.6,295.5
2022-02-01,443.15,327.95,468.9,345.5,253.1,322.28,240.7,243.5,235.8,618.7,244.4,228.7,250.7,225.8,390.8,337.0,297.0,309.9,241.7,295.7
2022-03-01,443.65,328.35,469.8,345.5,253.25,322.28,237.8,240.4,232.7,618.9,243.3,227.0,247.9,223.5,390.8,336.9,297.0,309.9,238.5,299.8
2022-04-01,443.9,328.6,471.1,345.5,253.75,322.28,238.0,232.9,226.8,618.2,239.8,222.6,244.7,220.8,389.5,334.0,297.0,309.9,238.5,296.5
2022-05-01,442.25,327.55,469.5,345.5,250.6,322.28,238.8,233.5,225.36666666666702,616.6,240.4,219.6,247.6,222.9,389.6,331.6,297.0,309.9,238.5,296.5
2022-06-01,442.2,326.5,469.1,345.5,246.44,322.28,237.6,231.8,223.93333333333402,614.6,238.4,217.3,250.5,219.8,388.5,330.0,297.0,309.9,238.5,278.0
2022-07-01,442.1,327.0,468.3,345.5,244.6,322.28,236.4,232.2,222.5,613.8,237.2,215.7,248.8,217.3,385.9,328.0,297.0,309.9,238.5,273.0
2022-08-01,438.1,324.0,467.5,345.5,244.3,322.28,235.2,232.6,225.5,613.0,235.3,213.8,250.2,218.15,385.2,327.5,297.0,309.9,238.5,268.0
2022-09-01,437.8,323.9,467.4,345.5,242.0,322.28,235.0,233.0,217.7,609.8,235.1,212.8,248.7,219.0,386.0,332.0,297.0,309.9,238.5,267.5
2022-10-01,437.9,323.8,467.33000000000004,345.5,242.1,322.28,233.8,233.4,216.5,613.0,233.8,212.2,246.9,219.85,385.0,331.0,297.0,309.9,238.5,267.0
2022-11-01,437.7,323.5,467.28,345.5,242.0,322.28,235.0,233.8,218.9,614.0,234.6,214.5,248.9,220.7,385.0,322.8,297.0,309.9,238.5,268.0
2022-12-01,438.4,323.95,467.32,345.5,242.07999999999998,322.28,235.4,234.2,227.8,615.0,232.9,213.7,245.6,219.0,386.8,323.0,297.0,309.9,238.5,268.0
2023-01-01,438.9,324.4,468.3,345.5,237.05,322.28,234.8,234.6,222.3,614.7,234.0,215.6,247.5,220.8,387.0,322.5,297.0,309.9,238.5,273.0
2023-02-01,438.7250000000001,324.0142857142858,467.65714285714296,345.5,237.8,322.28,233.4,235.0,221.85,613.8857142857144,232.9571428571429,214.7285714285715,245.91666666666669,219.8714285714286,386.7142857142858,321.428571428572,297.0,309.9,238.5,271.285714285715
2023-03-01,438.55000000000007,323.6285714285715,467.01428571428596,345.5,238.55,322.28,232.0,235.4,221.4,613.0714285714286,231.9142857142858,213.8571428571429,244.3333333333334,218.9428571428572,386.4285714285715,320.357142857143,297.0,309.9,238.5,269.571428571429
2023-04-01,438.375,323.2428571428572,466.37142857142896,345.5,239.3,322.28,230.6,235.8,220.95,612.2571428571429,230.8714285714286,212.9857142857143,242.75,218.0142857142857,386.1428571428572,319.285714285715,297.0,309.9,238.5,267.857142857143
2023-05-01,438.2,322.8571428571429,465.72857142857197,345.5,240.05,322.28,229.2,236.2,220.5,611.4428571428572,229.82857142857148,212.1142857142858,241.16666666666669,217.0857142857143,385.8571428571429,318.214285714286,297.0,309.9,238.5,266.142857142858
2023-06-01,438.025,322.4714285714286,465.08571428571497,345.5,240.8,322.28,227.8,236.6,220.05,610.6285714285715,228.7857142857143,211.2428571428572,239.583333333334,216.1571428571429,385.5714285714286,317.142857142858,297.0,309.9,238.5,264.428571428572
2023-07-01,437.85,322.0857142857143,464.442857142858,345.5,241.55,322.28,226.4,237.0,219.6,609.8142857142858,227.7428571428572,210.3714285714286,238.0,215.2285714285715,385.2857142857143,316.071428571429,297.0,309.9,238.5,262.714285714286
2023-08-01,437.675,321.7,463.8,345.5,242.3,322.28,225.0,237.4,219.15,609.0,226.7,209.5,236.416666666667,214.3,385.0,315.0,297.0,309.9,238.5,261.0
2023-09-01,437.5,321.25,462.9,345.5,241.8,322.28,218.8,237.8,218.7,608.5,222.3,208.6,234.833333333334,209.9,384.8,314.0,297.0,309.9,238.5,260.0
2023-10-01,437.28,321.23,462.0,345.5,241.0,322.28,220.6,238.2,219.3,609.0,223.4,210.9,233.25,212.8,384.5,314.0,297.0,309.9,238.5,259.0
2023-11-01,437.0,321.2,462.9,345.5,239.9,322.28,222.7,238.6,222.2,608.2,226.1,214.5,231.666666666667,214.6,384.0,313.6,297.0,309.9,238.5,259.0
2023-12-01,440.0,323.4400000000001,466.866666666667,345.5,243.3333333333334,322.28,221.06666666666672,239.0,221.766666666667,609.7,225.53333333333342,214.3,230.083333333334,213.9333333333334,383.7777777777778,314.066666666667,297.0,309.9,238.5,259.66666666666697
2024-01-01,443.0,325.68,470.833333333334,345.5,246.7666666666667,322.28,219.4333333333334,239.4,221.333333333334,611.2,224.9666666666667,214.10000000000008,228.5,213.2666666666667,383.5555555555556,314.533333333334,297.0,309.9,238.5,260.333333333334
2024-02-01,446.0,327.92,474.8,345.5,250.2,322.28,217.8,239.8,220.9,612.7,224.4,213.9,226.916666666667,212.6,383.33333333333337,315.0,297.0,309.9,238.5,261.0
2024-03-01,446.5,328.0,475.0,345.5,248.0,322.28,215.6,240.2,218.7,612.0,222.3,212.5,225.333333333334,209.6,383.1111111111112,321.0,297.0,309.9,238.5,268.0
2024-04-01,447.88,328.8,481.0,345.5,254.0,322.28,219.6,240.6,228.3,611.7,224.3,214.7,223.75,211.9,382.8888888888889,320.6,297.0,309.9,238.5,270.0
2024-05-01,447.8,328.2,480.0,345.5,253.9,322.28,217.9,241.0,227.4,611.0,222.6,211.8,222.166666666667,211.7,382.6666666666667,321.0,297.0,309.9,238.5,269.5
2024-06-01,447.7,328.08,479.8,345.5,253.7,322.28,218.7,241.4,230.9,609.0,224.1,212.8,220.583333333334,203.9,382.4444444444445,324.0,297.0,309.9,238.5,269.0
2024-07-01,447.65,328.02,479.74,345.5,253.65,322.28,214.9,241.8,225.7,607.0,221.5,209.3,219.0,206.0,382.2222222222223,317.0,297.0,309.9,238.5,269.0
2024-08-01,447.59000000000003,328.0,479.7,345.5,253.62,322.28,231.0,239.7,210.0,607.0,225.0,206.3,217.0,236.0,382.0,316.0,297.0,309.9,238.5,263.7
2024-09-01,445.0,326.85,479.0,345.5,252.9,322.28,227.7,237.8,209.9,607.6,222.6,205.8,213.9,233.4,382.0,315.0,297.0,309.9,238.5,263.7
2024-10-01,444.5,326.7,478.57,345.5,252.8,322.28,225.8,236.4,208.9,607.5,221.6,203.9,212.0,232.2,381.6,314.7,297.0,309.9,238.5,263.7
2024-11-01,444.5,326.7,478.57,345.5,252.8,322.28,225.8,236.4,208.9,607.5,221.6,203.9,212.0,232.2,381.6,314.7,297.0,309.9,238.5,263.7
2024-12-01,444.5,326.7,478.57,345.5,252.8,322.28,225.8,236.4,208.9,607.5,221.6,203.9,212.0,232.2,381.6,314.7,297.0,309.9,238.5,263.7
